Username, Password
user01, pass@002
user02, pass@003
user03, pass@004
user04, pass@005
user05, pass@006
user06, pass@007
user07, pass@008
user08, pass@009
user09, pass@010
user10, pass@011
user11, pass@012
user12, pass@013
user13, pass@014
user14, pass@015
user15, pass@016
user16, pass@017
user17, pass@018
user18, pass@019
user19, pass@020
user20, pass@021
user21, pass@022
user22, pass@023
user23, pass@024
user24, pass@025
user25, pass@026
user26, pass@027
user27, pass@028
user28, pass@029
user29, pass@030
user30, pass@031
user31, pass@032
user32, pass@033
user33, pass@034
user34, pass@035
user35, pass@036
user36, pass@037
user37, pass@038
user38, pass@039
user39, pass@040
user40, pass@041
user41, pass@042
user42, pass@043
user43, pass@044
user44, pass@045
user45, pass@046
user46, pass@047
user47, pass@048
user48, pass@049
user49, pass@050
user50, pass@051
user51, pass@052
user52, pass@053
user53, pass@054
user54, pass@055
user55, pass@056
user56, pass@057
user57, pass@058
user58, pass@059
user59, pass@060
user60, pass@061
user61, pass@062
user62, pass@063
user63, pass@064
user64, pass@065
user65, pass@066
user66, pass@067
user67, pass@068
user68, pass@069
user69, pass@070
user70, pass@071
user71, pass@072
user72, pass@073
user73, pass@074
user74, pass@075
user75, pass@076
user76, pass@077
user77, pass@078
user78, pass@079
user79, pass@080
user80, pass@081
user81, pass@082
user82, pass@083
user83, pass@084
user84, pass@085
user85, pass@086
user86, pass@087
user87, pass@088
user88, pass@089
user89, pass@090
user90, pass@091