accountNumber, Username, phonenumber, address
120233, testuser, 5550212222, 123 fake st welland ON
120234, user01, 5551234567, 45 maple ave toronto ON
120235, user02, 5559876543, 78 king st hamilton ON
120236, user03, 5555551212, 12 queen st ottawa ON
120237, user04, 5554443333, 90 york rd guelph ON
120238, user05, 5552221111, 34 bay st mississauga ON
120239, user06, 5553332222, 56 front st niagara falls ON
120240, user07, 5556667777, 89 main st london ON
120241, user08, 5558889999, 23 elm st kitchener ON
120242, user09, 5550001111, 67 victoria st windsor ON
120243, user10, 5551110000, 11 pine st brantford ON
120244, user11, 5552223333, 22 cedar st st catharines ON
120245, user12, 5553334444, 33 oak st cambridge ON
120246, user13, 5554445555, 44 birch st waterloo ON
120247, user14, 5555556666, 55 spruce st barrie ON
120248, user15, 5556667777, 66 ash st peterborough ON
120249, user16, 5557778888, 77 willow st kingston ON
120250, user17, 5558889999, 88 poplar st sudbury ON
120251, user18, 5559990000, 99 walnut st thunder bay ON
120252, user19, 5551010101, 101 chestnut st north bay ON
120253, user20, 5552020202, 202 fir st sault ste marie ON
120254, user21, 5553030303, 303 larch st cornwall ON
120255, user22, 5554040404, 404 beech st oshawa ON
120256, user23, 5555050505, 505 sycamore st pickering ON
120257, user24, 5556060606, 606 alder st ajax ON
120258, user25, 5557070707, 707 dogwood st whitby ON
120259, user26, 5558080808, 808 magnolia st markham ON
120260, user27, 5559090909, 909 hickory st richmond hill ON
120261, user28, 5551122334, 112 maplewood st vaughan ON
120262, user29, 5552233445, 223 cedarwood st newmarket ON
120263, user30, 5553344556, 334 oakwood st aurora ON
120264, user31, 5554455667, 445 birchwood st milton ON
120265, user32, 5555566778, 556 sprucewood st burlington ON
120266, user33, 5556677889, 667 ashwood st oakville ON
120267, user34, 5557788990, 778 willowwood st georgetown ON
120268, user35, 5558899001, 889 poplarwood st orangeville ON
120269, user36, 5559900112, 990 walnutwood st caledon ON
120270, user37, 5551011121, 1011 chestnutwood st brampton ON
120271, user38, 5551213141, 1213 firwood st mississauga ON
120272, user39, 5551314151, 1314 larchwood st toronto ON
120273, user40, 5551415161, 1415 beechwood st scarborough ON
120274, user41, 5551516171, 1516 sycamorewood st etobicoke ON
120275, user42, 5551617181, 1617 alderwood st north york ON
120276, user43, 5551718191, 1718 dogwoodwood st east york ON
120277, user44, 5551819202, 1819 magnoliawood st york ON
120278, user45, 5551920212, 1920 hickorywood st toronto ON
120279, user46, 5552021222, 2021 maple st toronto ON
120280, user47, 5552122232, 2122 cedar st toronto ON
120281, user48, 5552223242, 2223 oak st toronto ON
120282, user49, 5552324252, 2324 birch st toronto ON
120283, user50, 5552425262, 2425 spruce st toronto ON
120284, user51, 5552526272, 2526 ash st toronto ON
120285, user52, 5552627282, 2627 willow st toronto ON
120286, user53, 5552728292, 2728 poplar st toronto ON
120287, user54, 5552829303, 2829 walnut st toronto ON
120288, user55, 5552930313, 2930 chestnut st toronto ON
120289, user56, 5553031323, 3031 fir st toronto ON
120290, user57, 5553132333, 3132 larch st toronto ON
120291, user58, 5553233343, 3233 beech st toronto ON
120292, user59, 5553334353, 3334 sycamore st toronto ON
120293, user60, 5553435363, 3435 alder st toronto ON
120294, user61, 5553536373, 3536 dogwood st toronto ON
120295, user62, 5553637383, 3637 magnolia st toronto ON
120296, user63, 5553738393, 3738 hickory st toronto ON
120297, user64, 5553839404, 3839 maple st toronto ON
120298, user65, 5553940414, 3940 cedar st toronto ON
120299, user66, 5554041424, 4041 oak st toronto ON
120300, user67, 5554142434, 4142 birch st toronto ON
120301, user68, 5554243444, 4243 spruce st toronto ON
120302, user69, 5554344454, 4344 ash st toronto ON
120303, user70, 5554445464, 4445 willow st toronto ON
120304, user71, 5554546474, 4546 poplar st toronto ON
120305, user72, 5554647484, 4647 walnut st toronto ON
120306, user73, 5554748494, 4748 chestnut st toronto ON
120307, user74, 5554849505, 4849 fir st toronto ON
120308, user75, 5554950515, 4950 larch st toronto ON
120309, user76, 5555051525, 5051 beech st toronto ON
120310, user77, 5555152535, 5152 sycamore st toronto ON
120311, user78, 5555253545, 5253 alder st toronto ON
120312, user79, 5555354555, 5354 dogwood st toronto ON
120313, user80, 5555455565, 5455 magnolia st toronto ON
120314, user81, 5555556575, 5556 hickory st toronto ON
120315, user82, 5555657585, 5657 maple st toronto ON
120316, user83, 5555758595, 5758 cedar st toronto ON
120317, user84, 5555859606, 5859 oak st toronto ON
120318, user85, 5555960616, 5960 birch st toronto ON
120319, user86, 5556061626, 6061 spruce st toronto ON
120320, user87, 5556162636, 6162 ash st toronto ON
120321, user88, 5556263646, 6263 willow st toronto ON
